k,silhouette_kpp,db_kpp,silhouette_random,db_random
2,0.16830783457850523,3.7762952493125352,0.48034036352957815,2.6037743153478634
3,0.06438019354492724,2.578455151915667,0.11263371078278389,3.184879390254126
4,0.04279245010927314,3.121408639888453,0.032991018907019415,2.9582309652608383
5,0.13316332399791472,2.633762969729367,0.12956760678331725,2.344522811578948
6,0.0433918975942587,2.694891763542268,0.07363705516620733,2.7349479576368183
7,0.06319328739200628,2.6201788946405316,0.09401910304386431,2.70377106380496
8,0.1146629318920311,2.3215781259186166,0.16217058942817367,2.556415382328628
9,0.08089666083607298,2.259610044019295,0.1272175419374171,2.6517984871620874
10,0.17860529411637943,2.0786968869779088,0.10411580918569784,2.303602597701352
